{
    "test": [
        96.15,
        96.55,
        100.0,
        100.0,
        100.0,
        100.0
    ],
    "gen": [
        [
            98.0,
            95.0,
            97.0,
            97.0,
            93.0,
            98.0,
            98.0,
            98.0,
            96.0,
            98.0
        ],
        [
            96.0,
            98.0,
            97.0,
            98.0,
            99.0,
            98.0,
            98.0,
            98.0,
            99.0,
            99.0
        ],
        [
            98.0,
            91.0,
            97.0,
            96.0,
            93.0,
            96.0,
            95.0,
            97.0,
            98.0,
            97.0
        ],
        [
            90.0,
            90.0,
            91.0,
            95.0,
            95.0,
            93.0,
            91.0,
            92.0,
            95.0,
            93.0
        ],
        [
            87.0,
            93.0,
            93.0,
            92.0,
            92.0,
            89.0,
            90.0,
            89.0,
            88.0,
            87.0
        ],
        [
            97.0,
            97.0,
            95.0,
            93.0,
            96.0,
            95.0,
            96.0,
            97.0,
            94.0,
            97.0
        ]
    ],
    "gen_fulldata": [
        [
            3.0,
            3.0,
            2.0,
            1.0,
            6.0,
            3.0,
            2.0,
            3.0,
            1.0,
            4.0
        ],
        [
            0.0,
            1.0,
            1.0,
            0.0,
            0.0,
            1.0,
            0.0,
            0.0,
            0.0,
            1.0
        ],
        [
            11.0,
            13.0,
            5.0,
            5.0,
            8.0,
            7.000000000000001,
            8.0,
            9.0,
            3.0,
            5.0
        ],
        [
            11.0,
            10.0,
            8.0,
            13.0,
            16.0,
            19.0,
            9.0,
            16.0,
            14.000000000000002,
            11.0
        ],
        [
            1.0,
            0.0,
            0.0,
            1.0,
            0.0,
            1.0,
            0.0,
            1.0,
            1.0,
            0.0
        ],
        [
            2.0,
            3.0,
            3.0,
            4.0,
            6.0,
            2.0,
            2.0,
            1.0,
            4.0,
            2.0
        ]
    ],
    "gen_fullreq": [
        [
            51.0,
            54.0,
            45.0,
            54.0,
            53.0,
            59.0,
            55.00000000000001,
            48.0,
            53.0,
            51.0
        ],
        [
            13.0,
            11.0,
            11.0,
            13.0,
            13.0,
            8.0,
            9.0,
            11.0,
            12.0,
            11.0
        ],
        [
            26.0,
            25.0,
            34.0,
            34.0,
            27.0,
            26.0,
            20.0,
            28.999999999999996,
            28.999999999999996,
            25.0
        ],
        [
            65.0,
            53.0,
            48.0,
            55.00000000000001,
            51.0,
            53.0,
            63.0,
            60.0,
            54.0,
            62.0
        ],
        [
            20.0,
            23.0,
            23.0,
            22.0,
            25.0,
            25.0,
            24.0,
            20.0,
            25.0,
            22.0
        ],
        [
            26.0,
            28.000000000000004,
            36.0,
            22.0,
            32.0,
            27.0,
            34.0,
            30.0,
            27.0,
            37.0
        ]
    ]
}