{
    "test": [
        96.55172413793103,
        72.72727272727273,
        87.5,
        54.54545454545454,
        100.0,
        100.0
    ],
    "gen": [
        [
            97.0,
            95.0,
            96.0,
            95.0,
            96.0,
            95.0,
            98.0,
            96.0,
            96.0,
            97.0
        ],
        [
            94.0,
            98.0,
            97.0,
            95.0,
            97.0,
            94.0,
            96.0,
            100.0,
            96.0,
            97.0
        ],
        [
            99.0,
            97.0,
            95.0,
            97.0,
            96.0,
            98.0,
            100.0,
            98.0,
            100.0,
            95.0
        ],
        [
            89.0,
            93.0,
            89.0,
            91.0,
            84.0,
            88.0,
            91.0,
            87.0,
            93.0,
            89.0
        ],
        [
            94.0,
            94.0,
            96.0,
            92.0,
            99.0,
            93.0,
            95.0,
            97.0,
            98.0,
            97.0
        ],
        [
            99.0,
            97.0,
            97.0,
            97.0,
            98.0,
            98.0,
            97.0,
            100.0,
            99.0,
            99.0
        ]
    ]
}